,gt,pred,score,in_db,correct
0,Ariel_Sharon,Lleyton_Hewitt,7.830718675720079,True,False
1,Ariel_Sharon,Guillermo_Coria,9.676672158624507,True,False
2,Ariel_Sharon,Lleyton_Hewitt,9.8728745814832,True,False
3,Ariel_Sharon,Lleyton_Hewitt,8.346505452397672,True,False
4,Ariel_Sharon,Lleyton_Hewitt,8.555385369544384,True,False
5,Ariel_Sharon,Guillermo_Coria,8.82766460134482,True,False
6,Ariel_Sharon,Lleyton_Hewitt,8.49473383042944,True,False
7,Ariel_Sharon,Lleyton_Hewitt,8.587440444803894,True,False
8,Ariel_Sharon,Tony_Blair,8.564525915235782,True,False
9,Ariel_Sharon,Lleyton_Hewitt,9.815135948479348,True,False
10,Ariel_Sharon,Lleyton_Hewitt,9.833223819638228,True,False
11,Ariel_Sharon,Lleyton_Hewitt,8.284531559633095,True,False
12,Ariel_Sharon,Nestor_Kirchner,7.5864385093905815,True,False
13,Ariel_Sharon,Lleyton_Hewitt,9.017553072973605,True,False
14,Ariel_Sharon,Lleyton_Hewitt,8.860827339413841,True,False
15,Guillermo_Coria,Lleyton_Hewitt,8.771095580528971,True,False
16,Guillermo_Coria,Guillermo_Coria,7.977107136547513,True,True
17,Guillermo_Coria,Guillermo_Coria,7.323426608303435,True,True
18,Hans_Blix,Hans_Blix,8.864042015118972,True,True
19,Hans_Blix,Hans_Blix,6.557281503443083,True,True
20,Hans_Blix,Hans_Blix,6.706979566946112,True,True
21,Hans_Blix,,10.062629268613776,True,False
22,Hans_Blix,Vicente_Fox,9.752405390157803,True,False
23,Hans_Blix,Hans_Blix,7.439668035055193,True,True
24,Juan_Carlos_Ferrero,Juan_Carlos_Ferrero,7.205682384898563,True,True
25,Juan_Carlos_Ferrero,Juan_Carlos_Ferrero,8.44533718233077,True,True
26,Juan_Carlos_Ferrero,Guillermo_Coria,7.806260954629093,True,False
27,Juan_Carlos_Ferrero,Vicente_Fox,9.82367534355317,True,False
28,Juan_Carlos_Ferrero,Winona_Ryder,9.96627063966693,True,False
29,Laura_Bush,Laura_Bush,8.271250684193744,True,True
30,Laura_Bush,Winona_Ryder,7.472702004517664,True,False
31,Laura_Bush,Guillermo_Coria,7.374480676023437,True,False
32,Laura_Bush,,10.654358768289738,True,False
33,Laura_Bush,Laura_Bush,6.6908719145505815,True,True
34,Laura_Bush,Winona_Ryder,9.5757078901453,True,False
35,Laura_Bush,Winona_Ryder,6.997982310372581,True,False
36,Laura_Bush,,11.272790807358048,True,False
37,Laura_Bush,Laura_Bush,5.913729361631077,True,True
38,Laura_Bush,Guillermo_Coria,8.950384340509286,True,False
39,Laura_Bush,Vicente_Fox,7.525718269460187,True,False
40,Lleyton_Hewitt,Lleyton_Hewitt,8.293018776470408,True,True
41,Lleyton_Hewitt,Lleyton_Hewitt,8.227584989505164,True,True
42,Lleyton_Hewitt,Lleyton_Hewitt,9.467287075203817,True,True
43,Lleyton_Hewitt,Lleyton_Hewitt,9.175198439648371,True,True
44,Lleyton_Hewitt,,10.352816221010535,True,False
45,Lleyton_Hewitt,Lleyton_Hewitt,7.575847912757764,True,True
46,Lleyton_Hewitt,,11.490703367378655,True,False
47,Lleyton_Hewitt,Lleyton_Hewitt,8.311349219711682,True,True
48,Lleyton_Hewitt,Lleyton_Hewitt,8.480319626615662,True,True
49,Lleyton_Hewitt,Lleyton_Hewitt,8.41290205904838,True,True
50,Lleyton_Hewitt,Lleyton_Hewitt,6.560722431943484,True,True
51,Lleyton_Hewitt,Winona_Ryder,7.356715107707941,True,False
52,Lleyton_Hewitt,Lleyton_Hewitt,8.753366375985038,True,True
53,Megawati_Sukarnoputri,,10.539054361451182,True,False
54,Megawati_Sukarnoputri,Megawati_Sukarnoputri,6.553599820505604,True,True
55,Megawati_Sukarnoputri,Megawati_Sukarnoputri,7.242847813480631,True,True
56,Megawati_Sukarnoputri,Nestor_Kirchner,7.5238705524813305,True,False
57,Megawati_Sukarnoputri,Megawati_Sukarnoputri,7.510025796704511,True,True
58,Nestor_Kirchner,Hans_Blix,9.471715629239977,True,False
59,Nestor_Kirchner,Winona_Ryder,9.608539347837604,True,False
60,Nestor_Kirchner,Nestor_Kirchner,6.7724477263170195,True,True
61,Nestor_Kirchner,Nestor_Kirchner,8.85461095527826,True,True
62,Nestor_Kirchner,Nestor_Kirchner,5.825154191854318,True,True
63,Nestor_Kirchner,Nestor_Kirchner,8.527085763013396,True,True
64,Nestor_Kirchner,,12.786324816946046,True,False
65,Nestor_Kirchner,,10.272353091595747,True,False
66,Nestor_Kirchner,Nestor_Kirchner,9.073786015426455,True,True
67,Nestor_Kirchner,Nestor_Kirchner,7.704952764190592,True,True
68,Nestor_Kirchner,Nestor_Kirchner,9.323690959170493,True,True
69,Tom_Ridge,,10.359219021176067,True,False
70,Tom_Ridge,Vicente_Fox,6.6004289028937615,True,False
71,Tom_Ridge,Winona_Ryder,8.32063097539207,True,False
72,Tom_Ridge,Vicente_Fox,8.727212581444451,True,False
73,Tom_Ridge,Tony_Blair,8.459410760010412,True,False
74,Tom_Ridge,Guillermo_Coria,8.658752129972752,True,False
75,Tom_Ridge,Tom_Ridge,6.09144508628257,True,True
76,Tom_Ridge,,10.680021852922135,True,False
77,Tom_Ridge,Hans_Blix,6.498337806824192,True,False
78,Tom_Ridge,Lleyton_Hewitt,9.100802747000337,True,False
79,Tom_Ridge,Nestor_Kirchner,7.860729034776789,True,False
80,Tom_Ridge,Lleyton_Hewitt,7.383048770912683,True,False
81,Tony_Blair,Nestor_Kirchner,6.032911589897213,True,False
82,Tony_Blair,Winona_Ryder,7.518315737837469,True,False
83,Tony_Blair,,12.147167844767983,True,False
84,Tony_Blair,Winona_Ryder,8.661912664368932,True,False
85,Tony_Blair,Lleyton_Hewitt,8.39255875759073,True,False
86,Tony_Blair,,11.05625452785005,True,False
87,Tony_Blair,Winona_Ryder,9.772091393647173,True,False
88,Tony_Blair,Tony_Blair,7.7827257878229,True,True
89,Tony_Blair,Tony_Blair,5.37868577203489,True,True
90,Tony_Blair,Lleyton_Hewitt,7.683282685993097,True,False
91,Tony_Blair,Vicente_Fox,8.025767248586325,True,False
92,Tony_Blair,Nestor_Kirchner,7.983565850874679,True,False
93,Tony_Blair,Tony_Blair,8.401989226853113,True,True
94,Tony_Blair,Vicente_Fox,9.58228097535619,True,False
95,Tony_Blair,Lleyton_Hewitt,7.720691561688714,True,False
96,Vicente_Fox,Lleyton_Hewitt,9.231248448555641,True,False
97,Vicente_Fox,Vicente_Fox,8.408557548800106,True,True
98,Vicente_Fox,Vicente_Fox,8.344262286800388,True,True
99,Vicente_Fox,Vicente_Fox,8.221120555427389,True,True
100,Winona_Ryder,Winona_Ryder,9.686695505021435,True,True
101,Alexis_Bledel,Nestor_Kirchner,7.865138458542595,False,False
102,Anne_Donovan,Winona_Ryder,9.931993822267753,False,False
103,Arnold_Schwarzenegger,Vicente_Fox,7.801462227848166,False,False
104,Arnold_Schwarzenegger,Winona_Ryder,8.947414877493022,False,False
105,Benjamin_Netanyahu,Lleyton_Hewitt,8.96927197461185,False,False
106,Benjamin_Netanyahu,Guillermo_Coria,7.723939178487237,False,False
107,Chris_Rock,,10.767227025463413,False,True
108,Vladimir_Putin,,12.215078155752025,False,True
109,Vladimir_Putin,Lleyton_Hewitt,8.232294044995724,False,False
